{"listing_id": "1148279", "reviewer_id": "13579648", "text": "mi estad\u00eda en casa de yoki fue de lo mejor, yoki nos recibi\u00f3 a la hora que llegamos a new york a pesar de que nuestro vuelo se retraso, yoki nos ofreci\u00f3 todos los servicios que se mencionan en la descripci\u00f3n del departamento tambi\u00e9n pudimos observar que el ba\u00f1o, la cocina y la recamara estaban limpios, en el departamento hay calefacci\u00f3n as\u00ed que nunca pasamos fri\u00f3, nos presto toallas para ba\u00f1arnos todo muy bien, en las noches la zona es un poco oscura pero el subway esta a solo unos cuantos pasos.\r\n\r\nel subway esta en la esquina de la casa, lo tomas y en tan solo 15 minutos estas en la zona principal de manhattan, yoki nos despidi\u00f3 el ultimo d\u00eda que estuvimos en new york y nos pidi\u00f3 un taxi para ir al aeropuerto.\r\n\r\nrecomiendo el departamento de yoki por su higiene, por su cercan\u00eda al subway y porque a pesar de compartir ba\u00f1o y cocina tuvimos privacidad y una buena estancia!\r\n\r\nen el departamento hab\u00eda wifi, refrigerador, calefacci\u00f3n, agua caliente, microondas, todo lo necesario para una buena estancia en new york.\r\n\r\nsi alg\u00fan d\u00eda regresamos a new york ojala podamos regresar a casa de yoki.", "reviewer_name": "Ricky", "listing_longitude": "-73.94839340169014", "host_name": "Yoki", "listing_name": "Family Owned & Operated Brownstone", "date": "2014-04-21", "host_id": "6294856", "id": "12012264", "listing_latitude": "40.680181359197405"}