{"listing_id": "2977232", "reviewer_id": "25012919", "text": "Alesandra was s really lovely host. She was always interested in me and gave me some nice tips. I enjoyed to stay in her apartment which is very inviting and comfortable. The subway is very closed and to the Central Park only 5 min walk. \r\n\r\n:-). - ! Highly recommended ! - :-) ", "reviewer_name": "Philipp", "listing_longitude": "-73.94482017016313", "host_name": "Alesandra", "listing_name": "Low Winter Price by Central Park!", "date": "2015-01-21", "host_id": "15185319", "id": "25647622", "listing_latitude": "40.79285153420157"}