{"listing_id": "506306", "reviewer_id": "2848163", "text": "Paul was extremely helpful and reliable, who did whatever he could to make our stay as pleasant and enjoyable as possible, a great host. We were very comfortable in the flat, which was as described, with everything we needed. We had an awesome time in NYC and would definitely stay with Paul again in Brooklyn if we make it back there. Highly recommended!", "reviewer_name": "Feidhlim", "listing_longitude": "-73.98937115554887", "host_name": "Paul", "listing_name": "Spacious room in cozy Boerum Hill", "date": "2013-08-01", "host_id": "2495797", "id": "6153122", "listing_latitude": "40.686986552490545"}