{"listing_id": "3771656", "reviewer_id": "22237412", "text": "Eugene was a very good host. He was very flexible and easy-going and helped us with all we needed. The flat is in a perfect location very clean and with everything you need even for longer periods of time. We already recommended him to our friends traveling to NYC next month. ", "reviewer_name": "Edu", "listing_longitude": "-73.95457505681182", "host_name": "Yevgeny", "listing_name": "Amazing Upper East Side Location", "date": "2015-08-20", "host_id": "19331457", "id": "43490099", "listing_latitude": "40.77632479255753"}